page.status_code,ID,Name,Price,Release_Date,Standing screen display size,Screen Resolution,Max Screen Resolution,Processor,RAM,Memory Speed,Hard Drive,Graphics Coprocessor,Chipset Brand,Card Description,Wireless Type,Number of USB 3.0 Ports,Average Battery Life (in hours),Brand,Series,Item model number,Hardware Platform,Operating System,Item Weight,Product Dimensions,Item Dimensions LxWxH,Color,Processor Brand,Number of Processors,Computer Memory Type,Flash Memory Size,Hard Drive Interface,Optical Drive Type,Power Source,Batteries
200,B08WGC3DGC,"Lenovo ThinkBook 13s G2 are 20WC000AUS 13.3"" Notebook - WUXGA - 1920 x 1200 - AMD Ryzen 7 4800U Octa-core (8 Core) 1.80 GHz - 16 GB RAM - 512 GB SSD - Mineral Gray",,"December 22, 2021",13.3 Inches,1920 x 1200 pixels,1920 x 1200 Pixels,1.8 GHz amd_ryzen_7,16 GB LPDDR4X,1.8 GHz,512 GB SSD,AMD Radeon Graphics,AMD,Radeon Graphics,"Bluetooth, 802.11ax",,,Lenovo,ThinkBook 13s G2 ARE,20WC000AUS,PC,Windows 10 Pro,6.7 ounces,8.3 x 11.8 x 0.59 inches,,Mineral Gray,AMD,1,DDR4 SDRAM,512 GB,,No,,
200,B0B6D9P15X,"HP Victus 16.1'' Gaming Laptop FHD 144Hz Display AMD Ryzen 7 6800H, 32GB DDR4 RAM 1TB SSD, GeForce RTX 3050 Ti ,SD Card Reader, HDMI, Backlit Keyboard, Wi-Fi 6, Windows 11+ + Zipnology Cloth","$1,249.99","July 12, 2022",16 Inches,,1920 x 1080 Pixels,4 GHz ryzen_7,32 GB DDR4,,SSD,NVIDIA GeForce RTX 3050,NVIDIA,Integrated,"802.11a/b/g/n/ac, Bluetooth",1,,HP,Victus Gaming Laptop,,,Windows 11,7.93 pounds,,,,AMD,8,,1 TB,,,,1 Lithium Ion batteries required. (included)
200,B09GNVZ2LV,"HP ZBook Firefly 15 G8 15.6"" 60Hz FHD Workstation IPS Laptop (Intel i7-1165G7 4-Core, 64GB RAM, 8TB PCIe SSD, Intel Iris Xe, (1920x1080), Fingerprint, WiFi, BT 5.2, Backlit KB, Win 10 Pro) with Hub","$5,599.00","November 1, 2021",15.6 Inches,1920 x 1080 pixels,1920 x 1080 Pixels,2.8 GHz core_i7,64 GB SO-DIMM,2.8 GHz,8 TB SSD,Intel Iris Xe Graphics,Intel,Integrated,Bluetooth,,,HP,ZBook Firefly 15 G8,,PC,Windows 10 Pro,4 pounds,10 x 15 x 1 inches,,,Intel,4,DDR4 SDRAM,,USB 3.1,,Battery Powered,
200,B08PNXLS3F,"HP 15.6 Touchscreen Laptop with Windows 10 S Mode, 256GB SSD Storage, AMD Ryzen 3 Processor, Natural Silver (15-ef1041nr)",$250.00,"December 4, 2020",15.6 Inches,,1366 x 768 Pixels,2.6 GHz amd_r_series,4 GB DDR4,,256 GB SSD,AMD Radeon Graphics,AMD,Integrated,Bluetooth,,9 Hours,HP,056-01-0132,15-ef1041nr,PC,Windows 10 S,1 pounds,19 x 3 x 12 inches,,,AMD,2,DDR4 SDRAM,256,Solid State,,Battery Powered,1 Lithium Polymer batteries required. (included)
200,B0BLJ6R88N,"HP 2022 15'' FHD IPS Laptop, Windows 11, AMD Athlon Processor Up to 3.1GHz, 4GB RAM, 128GB SSD, HDMI, Super-Fast WiFi, Dale Silver (Renewed) (Dale Silver)",$229.99,"November 4, 2022",15 Inches,,1920 x 1080 Pixels,3.1 GHz amd_a_series,4 GB DDR4,,128 GB SSD,AMD Radeon Pro 560,AMD,Integrated,Bluetooth,3,,HP,"HP 15"" Laptop","HP 15"" Laptop",,windwos 11,4 pounds,14.11 x 9.53 x 0.71 inches,,Dale Silver,AMD,2,,,,,,1 Lithium Ion batteries required. (included)
200,B09HZ7JCTY,"Newest HP 2-in-1 Convertible Chromebook, 14inch HD Touchscreen, Intel Processor Up to 2.80GHz, 4GB Ram, 64GB eMMC SSD, WiFi, Webcam, Chrome OS, (Renewed) (64GB) (Silver)",$213.99,"October 7, 2021",14 Inches,,,,4 GB DDR4,2.8 GHz,,,Intel,,Bluetooth,,,HP,,HP Chromebook,,Chrome OS,4.4 pounds,12.85 x 8.85 x 0.75 inches,,,Intel,,DDR4 SDRAM,64 GB,,,,1 Lithium Ion batteries required. (included)
200,B09TNXKN9G,"Lenovo 2022 IdeaPad Flex 5 2-in-1 Laptop, 14"" FHD IPS Touchscreen, AMD Ryzen 5 5500U, 12hr LongBattery Life, Wi-Fi 6, Webcam, Fingerprint, Type-C, w Digital Pen (16GB RAM | 1TB PCIe SSD)",$789.99,"July 28, 2021",14 Inches,,1920 x 1080 Pixels,4 GHz amd_ryzen_5_5500u,16 GB DDR4,,1 TB SSD,AMD Radeon Graphics,AMD,Integrated,Bluetooth,,12 Hours,Lenovo,IdeaPad Flex 5,IdeaPad Flex 5,PC,Windows 11,5.1 pounds,19 x 11 x 2.5 inches,,Graphite Grey,AMD,6,DDR4 SDRAM,16 GB,Solid State,,Battery Powered,1 Lithium Ion batteries required.
200,B0BBSXVB8G,"Dell Inspiron Laptop, 15.6"" HD Display, AMD Ryzen 5 3450U Processor, 16GB RAM, 1TB SSD, Webcam, HDMI, SD Card Reader, Wi-Fi, Windows 11 Home, Carbon Black",$449.00,"August 24, 2022",15.6 Inches,,1366 x 768 Pixels,2.1 GHz ryzen_5,16 GB DDR4,2400 MHz,1 TB SSD,AMD Radeon Graphics,AMD,Integrated,"Bluetooth, 802.11ac",,,Dell,Inspiron,3515,PC,Windows 11 Home,3.96 pounds,14.11 x 9.27 x 0.74 inches,,Black,AMD,4,DDR4 SDRAM,1 TB,PCIE x 4,,AC & Battery,1 Lithium Ion batteries required. (included)
200,B09HC1MJZ6,"Lenovo Legion 5i Pro Flagship 16 Gaming Laptop 16"" QHD IPS 165Hz Anti-Glare Display 11th Gen Intel Octa-Core i7-11800H 16GB RAM 512GB SSD GeForce RTX 3050 4GB RGB Backlit KB Win10 Gray + HDMI Cable","$1,232.00","September 28, 2021",16 Inches,2560 x 1600 pixels,QHD (2560 x 1600) IPS 165Hz Pixels,2.3 GHz core_i7_11800h,16 GB DDR4,,512 GB SSD,Dedicated NVIDIA GeForce RTX 3050 4GB GDDR6,NVIDIA,Dedicated,Bluetooth,,7.2 Hours,Lenovo,Lenovo Legion 5i Pro,Lenovo Legion 5i Pro,PC,Windows 10,5.07 pounds,14.02 x 10.4 x 1.03 inches,,Gray,Intel,8,DDR4 SDRAM,512 GB,Solid State,,AC & Battery,
200,B01CJNRC3S,"Lenovo Thinkpad T460 14-Inch Laptop ( Intel Core i5-6300U Dual-Core 2.4GHz, 8GB DDR3, 256GB SSD, Windows 7 Professional)",$689.99,"March 4, 2016",14 Inches,,1920x1080 Pixels,2.4 GHz core_i5,8 GB DDR3L SDRAM,1600 MHz,256 GB SSD,Intel HD Graphics 520,Intel,"Integrated, Dedicated",Bluetooth,2,10 Hours,Lenovo,20FN002JUS,20FN002JUS,PC,Windows 10 DG Windows 7 Pro 64,3.8 pounds,13.4 x 0.8 x 9.2 inches,,Black,Intel,2,DDR3 SDRAM,256,Serial ATA-600,,Battery Powered,2 Lithium Ion batteries required. (included)
200,B09VKX42QP,"Lenovo IdeaPad Slim7, 14'' FHD Touchscreen, Intel Core i5-1135G7 (4-Cores, up to 4.2 GHz), Intel Iris Xe Graphics, 8G DDR4 RAM, 512GB PCIe SSD, MicroSD Card Reader, WiFi6, with JAWFOAL",$599.99,"March 15, 2022",,,,,,,,,,,,,,,,pc,,,5.61 pounds,,,,,,,,,,Battery Powered,
200,B07SXSR1TW,"HP 250 G5 15.6"" Anti-Glare HD Premium Business Laptop (Intel Core i5-6200U, 8GB DDR4 Memory, 500GB HDD) VGA, HDMI, DVD+RW, WiFi AC, Bluetooth, Ethernet RJ-45, Windows 10 Professional 64 bit - Black",,"February 27, 2019",15.6 Inches,1366x768,1366 x 768 Pixels,2.3 GHz core_i5,8 GB DDR4,1600 MHz,500 GB HDD,Integrated Intel HD Graphics,Intel,Integrated,"Bluetooth, 802.11ac",,,HP,HP 250 Business Commercial Laptop,"HP 250 G series 15.6"" Notebook PC",PC,Windows 10 Pro,4.32 pounds,10 x 15.1 x 1 inches,,,Intel,2,DDR4 SDRAM,,Solid State,,AC & Battery,1 Lithium Ion batteries required. (included)
200,B0894YFTZM,"HP Envy x360 2-in-1 Laptop, 15.6"" Full HD Touchscreen, 10th Gen Intel Core i7 Processor, 12GB Memory, 512GB PCIe NVMe SSD, Wi-Fi, HDMI, Backlit Keyboard, Windows 10 Home, Silver (i7-1065G7 Processor)",$688.00,"May 25, 2020",15.6 Inches,,1920 x 1080 Pixels,1.3 GHz core_i7,12 GB SDRAM,3.9 GHz,512 GB SSD,Intel Iris Plus,Intel,Integrated,Bluetooth,,13 Hours,HP,ENVY,ENVY,PC,Windows 10,4.34 pounds,14 x 9 x 1 inches,,Silver,Intel,4,DDR4 SDRAM,512 GB,PCIE x 4,,Corded Electric,1 Lithium Metal batteries required. (included)
200,B08RXSG6VF,"HP OMEN 17-cb1080nr Gaming and Entertainment Laptop (Intel i7-10750H 6-Core, 16GB RAM, 512GB SSD, RTX 2070 Super, 17.3"" Full HD (1920x1080), WiFi, Win 10 Home) with MS 365 Personal , Hub","$2,499.00","January 2, 2021",17.3 Inches,1920 x 1080 pixels,1920 x 1080 Pixels,2.6 GHz core_i7,16 GB SO-DIMM,2.6 GHz,512 GB SSD,NVIDIA RTX 2070 Super,NVIDIA,Dedicated,Bluetooth,3,,HP,OMEN 17-cb1080nr,OMEN 17-cb1080nr,PC,Windows 10 Home,7.07 pounds,11.22 x 15.95 x 1.18 inches,,,Intel,6,DDR4 SDRAM,512 GB,USB 3.1,No Optical Drive,Battery Powered,
200,B00W2PI49U,"Dell Laptop Latitude E6540 15.6"" i5 4310M 8GB RAM 500GB HD Windows 7",$154.90,"April 13, 2015",15.6 Inches,,,apple_ci5,8 GB DDR4,,,AMD Radeon,AMD,Integrated,,,,Dell,Dell Latitude,E6540,,Windows 7,8 pounds,,,,Intel,1,DDR3 SDRAM,,,,,
200,B09CJNMTXF,HP Touchscreen 17-CA300 High Performance Slim Laptop in Black Six Core Ryzen 5 up to 3.7GHz 12GB RAM 256GB SSD 17.3 HD+ DVDRW WiFi HDMI (Renewed),$529.99,"June 19, 2021",17.3 Inches,1600 x 900,1600x900 Pixels,2.3 GHz ryzen_5_4500u,12 GB DDR4,2.3 GHz,256 GB SSD,Amd,AMD,Integrated,Bluetooth,,,HP,,17-CA,PC,Windows 10,6.64 pounds,,,Black,AMD,6,DDR4 SDRAM,,Solid State,,"Corded Electric, Battery Powered",1 Lithium Ion batteries required. (included)
200,B0B98V9XVJ,"HP Stream - 14-cb117ds Laptop PC, Intel Celeron N4000, Windows 10 Home, 4GB RAM, 64GB eMMC (Renewed)",$279.95,"August 10, 2022",14 Inches,,1366 x 768 Pixels,1.1 celeron_n4000,DDR4,,Emmc,,Intel,Integrated,,2,,HP,Stream,Stream - 14-cb117ds,,Windows 10 Home,4.49 pounds,,,,Intel,2,,64 GB,,,,1 Lithium Ion batteries required. (included)
200,B09DQX769N,"HP Flagship 14"" Touchscreen Chromebook, Intel Dual-core Processor Up to 2.80GHz, 4GB Memory, 128GB eMMC SSD, Webcam, Chrome OS (Renewed)",$190.00,"August 26, 2021",14 Inches,,,1.1 GHz,8 GB DDR4,2.8 GHz,,,Intel,,Bluetooth,,,HP,,HP 14inch Chromebook,PC,Chrome OS,5 pounds,9 x 20 x 3 inches,,Mineral Silver,Intel,2,DDR4 SDRAM,128 GB,,,,
200,B0BJ7GDJ2P,"Latest HP Omen Gaming Laptop | 17.3"" 165Hz IPS QHD Display | Intel 16-Core i7-12800HX | 32GB DDR5 2TB NVMe SSD | NVIDIA GeForce RTX 3070Ti | WiFi 6e | Thunderbolt 4 | Backlit KB | Windows 10 Pro","$2,539.00","October 14, 2022",17.3 Inches,2560x1440,2560x1440 Pixels,3 GHz core_i7_family,32 GB DDR5,4800 MHz,2 TB SSD,NVIDIA GeForce GTX 3070 Ti 8GB,NVIDIA,Dedicated,802.11ax,4,6 Hours,HP,CK100,CK100,PC,Windows 10 Pro,6 pounds,15.64 x 10.32 x 1.06 inches,,Shadow Black,Intel,16,DDR5 SDRAM,,PCIE x 4,No Optical Drive,AC & Battery,1 Lithium Ion batteries required. (included)
200,B087WS8XYS,HP Stream 14in Laptop AMD A4-9125 Processor 4GB RAM 64GB eMMC Windows 10 (Renewed),$249.00,"April 29, 2020",14 Inches,,1366 x 768 Pixels,2.3 GHz amd_a4,4 GB DDR4,,64 GB Hybrid,Built-In,AMD,Integrated,,,,HP,6MW71UA#ABA,,PC,Windows 10,4.72 pounds,12.75 x 0.78 x 8.89 inches,,Silver,AMD,2,DDR3 SDRAM,64 GB,ATA,,,1 Lithium Ion batteries required. (included)
200,B09CDPMG4J,"Lenovo ThinkPad T15p Gen 2 21A7001GUS 15.6"" Notebook - Full HD - 1920 x 1080 - Intel Core i5 (11th Gen) i5-11400H 2.70 GHz - Intel Chip","$1,299.00","August 11, 2021",15.6 Inches,1920 x 1080 pixels,1920 x 1080 Pixels,2.7 GHz core_i5,,2.7 GHz,SSD,,Intel,Integrated,,,,Lenovo,Lenovo Thinkpad,21A7001GUS,,,7.09 pounds,,,,Intel,,DDR4 SDRAM,,Ultra ATA,,Battery Powered,
200,B09PQMB21J,"Dell Latitude 5000 5431 14"" Notebook - Full HD - 1920 x 1080 - Intel Core i5 12th Gen i5-1240P Dodeca-core (12 Core) 1.70 GHz - 16 GB Total RAM - 256 GB SSD - Titan Gray","$1,340.63","January 5, 2022",14 Inches,1920 x 1080 pixels,1920 x 1080 Pixels,1.7 GHz core_i5,,,256 GB SSD,Intel Iris Xe Graphics,Intel,Iris Xe Graphics,,,,Dell,Latitude 5000,5431,PC,Windows 10 Pro,5.3 pounds,15.8 x 13.5 x 2.5 inches,,Titan Gray,Intel,1,SDRAM,,Serial ATA,No,,
200,B0BFXMKLSV,"Latest Dell Inspiron I3511 Home and Business Laptop | 15.6"" FHD Touchscreen | Intel 4-Core i7-1165G7 | Iris Xe Graphics | 24GB RAM 1TB SSD | WiFi | HDMI | Webcam | Windows 10 Pro",,"April 23, 2022",15.6 Inches,1920 x 1080 pixels,1920 x 1080 Pixels,2.8 GHz core_i7_family,24 GB DDR4,,1 TB SSD,Intel Iris Xe Graphics,Intel,Integrated,802.11ac,2,,Dell,i3511,i3511,PC,Windows 10 Pro,8 pounds,14.11 x 9.27 x 0.74 inches,,Black,Intel,4,DDR4 SDRAM,,Solid State,,AC & Battery,
200,B09Q6HH27W,"Newest HP Pavilion Business Laptop, 15.6'' Full HD Display, Intel Core i7-1195G7 Processor, 16GB RAM, 256GB SSD, Fingerprint Reader, HDMI, Webcam,Windows 11 Pro, Silver",$779.99,"January 11, 2022",15.6 Inches,,1920 x 1080 Pixels,2.9 GHz apple_ci7,16 GB DDR4,2400 MHz,256 GB SSD,Intel Iris Xe Graphics,Intel,Integrated,Bluetooth,,,HP,HP Pavilion,Pavilion,PC,Windows 11 Pro,3.86 pounds,20 x 4 x 14 inches,,Silver,Intel,4,DDR4 SDRAM,1 TB,PCIE x 4,,Corded Electric,1 Lithium Ion batteries required. (included)
200,B08DQZ6RC6,"HP Pavilion X360 14-Inch Convertible Touchscreen Laptop, 8th Gen Intel Core I5-8265U, 8 GB RAM, 512 GB Solid-State Drive, Windows 10 Home (14-cd1020nr, Natural Silver) (Renewed)",$399.00,"July 27, 2020",14 Inches,,1366 x 768,3.9 GHz core_i5_family,8 GB SDRAM,2400 MHz,SSD,,Intel,Integrated,,,"8.0, 10.0, 6.0 Hours",HP,14-cd1020nr,,,Windows 10 Home,3.52 pounds,12.7 x 8.8 x 0.8 inches,,,Intel,4,Unknown,512 GB,Serial ATA,,Battery Powered,
200,B0B813GMRV,"HP 2022 Envy X360 15.6"" FHD IPS Touchscreen 2-in-1 Laptop Intel 10-Core i5-1235U Iris Xe Graphics 16GB DDR4 512GB NVMe SSD HDMI2.1 2xThunderbolt 4 WiFi AX BT Backlit Windows 11 Home w/ RE 32GB USB",,"July 28, 2022",15.6 Inches,1920 x 1080 pixels,1920 x 1080 Pixels,3.3 GHz core_i5_family,16 GB DDR4,3200 MHz,512 GB SSD,Intel Iris Xe Graphics,Intel,Integrated,802.11ax,3,8 Hours,HP,15-EW000,EW0013DX,PC,Windows 11 Home,7 pounds,14.13 x 9.02 x 0.73 inches,,Silver,Intel,10,DDR4 SDRAM,,Solid State,,AC & Battery,
200,B094L76V18,"HP Envy x360 15 Convertible Laptop, AMD Ryzen 5 5500U Processor, AMD Radeon Graphics, 8 GB RAM, 512 GB SSD, 15.6 inch Full HD Display, Windows 10 Home(15-ee1010nr, 2021)",$645.00,"June 13, 2021",15.6 Inches,1920 x 1080 pixels,1920 x 1080 Pixels,4 GHz ryzen_5,8 GB 8 GB DDR4,4 GHz,512 GB SSD,AMD Radeon Graphics 5500,AMD,Integrated,Bluetooth,1,,HP,15-ee1010nr,2W9M5UA#ABA,PC,Windows 10 Home,4.42 pounds,9.06 x 14.09 x 0.74 inches,,Nightfall Black,AMD,6,DDR4 SDRAM,,,No Optical Storage,Battery Powered,1 Lithium Ion batteries required. (included)
200,B084MJPF92,"2020 Newest Dell Inspiron 14 inch Laptop, Intel Core i5-1035G4 (Beat i7-7500) 10 Geneartion, 8GB RAM, 256GB SSD, HDMI, WiFi, Intel UHD Graphics, Bluetooth, Windows 10",,"November 28, 2019",14 Inches,1366 x 768,1366 x 768 Pixels,1.2 GHz core_i5,8 GB SDRAM,2666 MHz,256 GB SSD,Intel UHD Graphics,Intel,Integrated,802.11ac,,,Dell,Dell Inspiron,Dell Inspiron,PC,Windows 10,3.68 pounds,13.3 x 9.5 x 0.8 inches,,Black,Intel,4,DDR4 SDRAM,256 GB,Serial ATA,,AC & Battery,1 Lithium Ion batteries required. (included)
200,B09F5R24M5,"2021 Newest Dell Inspiron 15 3000 Laptop Computer, 15.6"" HD Display, Intel Pentium N5030 Quad-Core Processor,up to 3.10 GHz, 8GB DDR4 RAM, 128GB PCIe SSD,HD Webcam, HDMI,Bluetooth,Wi-Fi, Win 10 Home",$419.00,"September 1, 2021",15.6 Inches,,1366 x 768 Pixels,1.1 GHz celeron_n,8 GB SDRAM,3.1 GHz,128 GB SSD,Intel UHD Graphics 605,Intel,Integrated,Bluetooth,,,Dell,Dell Inspiron 15 3000 Laptop,Dell Inspiron 15 3000 Laptop,PC,Windows 10,4.83 pounds,14.96 x 10.16 x 0.89 inches,,Black,Intel,4,DDR4 SDRAM,128 GB,Solid State,,AC & Battery,1 Lithium Ion batteries required. (included)
200,B07DD6RZVD,"Dell Inspiron Premium 11.6"" HD Laptop, AMD Dual-Core A6 Processor, 4GB DDR4, 32GB SSD, AMD Radeon R4, MaxxAudio, Bluetooth, WiFi, HDMI, USB 3.0, Webcam, with 1 Year Office 365, Win 10, only 2.93 lbs",,"May 29, 2018",11.6 Inches,1366 x 768,HD anti-glare LED Backlight Screen,1.6 GHz amd_a_series,4 GB DDR4,1.6 GHz,32 GB SSD,AMD Radeon R4,AMD,Dedicated,802.11b,,,Dell,Dell-11.6-A6,Dell-11.6-A6,PC,Windows 10 Home,2.93 pounds,11.5 x 8 x 0.88 inches,,Black,Intel,2,DDR4 SDRAM,32 GB,Solid State,,,1 Lithium Polymer batteries required. (included)
200,B07JR6PK7R,"Lenovo 17.3"" 320 Series Business Laptop, Intel Core i5-7200U 2.5 Ghz, 512GB SSD, 8GB DDR4, DVD+RW, 802.11ac Wi-Fi, Bluetooth 4.1, HDMI, USB C, Ethernet, Dolby Audio, Card Reader, Win 10",$549.00,"October 26, 2018",17.3 Inches,,1600 x 900,2.5 GHz core_i5,8 GB DDR4,3.1 GHz,512 GB SSD,Intel HD Graphics 620,Intel,Integrated,802.11ac,,,Lenovo,Lenovo-17-512SSD,Lenovo-17-512SSD,PC,Windows 10 Home,5.5 pounds,16.5 x 11.5 x 1 inches,,Silver,Intel,2,DDR SDRAM,512 GB,Solid State,,Battery Powered,1 Lithium Ion batteries required. (included)
200,B088TVRLZW,Dell Inspiron i3593-5544BLK-PUS 15.6 FHD Touchscreen i5-1035G1 12GB DDR4 RAM 512GB PCIE SSD Windows 10 Home Black (Renewed),,"May 19, 2020",15.6 Inches,1920 x 1080 pixels,1920x1080,1 GHz core_i5,12 GB DDR4,2666 MHz,512 GB SSD,Intel ICL-U UHD Graphics,Intel,Integrated,802.11ac,,,Dell,Inspiron,AQ-laptop-103,PC,Windows 10,4.41 pounds,14.96 x 10.16 x 0.89 inches,,,Intel,4,DDR4 SDRAM,512 GB,PCIE x 4,,Battery Powered,
200,B0B53X4XWB,"Lenovo Newest ThinkPad X1 Titanium Yoga 2-in-1 Laptop, Intel i7-1160G7, 13.5"" 2K (2256 x 1504) IPS, Anti-Reflective, Touchscreen, 16GB DDR4, 1TB SSD, Precision Pen, Windows 11 Pro by Black Tech","$1,599.00","June 25, 2022",13 Inches,,2256 x 1504 Pixels,4 GHz core_i7_family,16 GB LPDDR4,,1 TB SSD,,Intel,Integrated,Bluetooth,,,Lenovo,ThinkPad X1 Titanium Yoga 2-in-1,20QA-i7-W11P,,Windows 11 Pro,2.54 pounds,,,Titanium,Intel,4,DDR4 SDRAM,16 GB,,No,,1 Lithium Ion batteries required. (included)
200,B09XBTGWFT,"2022 Newest HP Pavilion Business Laptop, 15.6"" FHD IPS Touchscreen, 11th Gen Intel i7-1195G7, 16GB RAM, 1TB PCIe SSD, GeForce MX350,Backlit Keyboard, Webcam, HDMI, WiFi, Bluetooth, Windows 11 Pro",$899.00,"April 6, 2022",15.6 Inches,,,5 GHz,16 GB DDR4,,SSD,,NVIDIA,Dedicated,Bluetooth,,"7.0, 13.0 Hours",HP,HP Pavilion,HP Pavilion,,Windows 11 Pro,3.74 pounds,,,,Intel,4,DDR4 SDRAM,,USB,,Battery Powered,
200,B09J13VDCJ,"New HP Chromebook 11.6"" HD Laptop, Intel Celeron N3350, 4GB DDR4 RAM, 32GB eMMC SSD, Chrome OS, Intel HD Graphics, 11A-NB0013DX (Bundle with 128GB MicroSD Card & Sleeve)",$182.88,"January 6, 2021",11.6 Inches,,,celeron_n3350,4 GB,,,AMD Radeon R5,AMD,,802.11abg,,,HP,,11A-NB0013DX,,Windows 10 Home,3.74 pounds,12 x 8.2 x 0.7 inches,,,,2,DDR4 SDRAM,32 GB,,,,1 Lithium Ion batteries required. (included)
200,B00COQGJSK,"ASUS Laptop VivoBook V551LB-DB71T Intel Core i7 4500U (1.80 GHz) 8 GB Memory 1 TB HDD NVIDIA GeForce GT 740M 15.6"" Touchscreen Windows 8 64-Bit [Discontinued By Manufacturer]",,"July 1, 2013",15 Inches,1366 x 768 pixels,1366x768,1.8 GHz core_i7,8 GB SO-DIMM,1600 MHz,1 TB HDD,NVIDIA GeForce GT 740M,NVIDIA,Dedicated,802.11bgn,2,,ASUS,Asus,V551LB-DB71T,,Windows 8,4.8 pounds,15 x 10.2 x 0.8 inches,,,Intel,2,DDR3 SDRAM,,USB,,,1 Lithium Ion batteries required. (included)
200,B081219LKB,"Lenovo IdeaPad 14-inch HD WLED AMD A6-9229e 4GB 64GB eMMC Win 10 Laptop Platinum , Grey, 14-14.99 inches",$165.00,"November 5, 2019",14 Inches,1366x768,1366 x 768,32 hertz amd_a_series,4 GB DDR2,1.6 GHz,32 GB Emmc,AMD Radeon R4,AMD,"Integrated, Dedicated",802.11ac,2,8 Hours,Lenovo,Lenovo Ideapad,81VS0001US,Windows,Windows 10,11.3 ounces,12.9 x 18.5 x 3.2 inches,,Grey,AMD,2,,64,ATA-5,Blu-Ray,AC & Battery,1 A batteries required. (included)
200,B08JG35YD2,"HP Chromebook 14"" HD Thin and Light Laptop, Intel Celeron N4000 Dual-Core Processor, 4GB RAM, 32GB eMMC, Backlit Keyboard, WiFi, Up to 13 hrs Battery Life, Chrome OS, Ceramic White",$279.00,"September 18, 2020",14 Inches,1366x768,1366x768 Pixels,1.1 GHz celeron_n4000,4 GB DDR4,2.6 GHz,32 GB SSD,Intel graphics,Intel,Integrated,802.11ac,,13 Hours,HP,na0020,Na0020,PC,Chrome OS,3.3 pounds,,,,Intel,2,DDR4 SDRAM,32 GB,Solid State,,AC & Battery,1 Lithium Ion batteries required. (included)
200,B09Q923JR7,"Lenovo ThinkPad L14 Gen2 20X100GCUS 14"" Touchscreen Notebook - Full HD - 1920 x 1080 - Intel Core i5 11th Gen i5-1135G7 Quad-core (4 Core) 2.40 GHz - 8 GB RAM - 256 GB SSD - Black - Intel Chip -",$649.00,"January 12, 2022",14 Inches,1920 x 1080 pixels,1920 x 1080 Pixels,2.4 GHz core_i5,8 GB DDR4,3200 MHz,256 GB SSD,Intel HD Graphics 520,Intel,Integrated,Bluetooth,1,,Lenovo,Lenovo Thinkpad,20X100GCUS,,Windows 11,5.5 pounds,1 x 1 x 1 inches,,,Intel,1,DDR4 SDRAM,256 GB,USB 3.2,BD-ROM,,1 Lithium Ion batteries required.
200,B0BM98RY7V,"Dell Inspiron Laptop, 15.6 FHD Touchscreen, Intel Core i5-1135G7(up to 4.2 GHz), 4-core Processor, Intel UHD Graphics, 16GB RAM 1TB SSD, Windows 11, Wi-Fi, Black",$719.99,"November 23, 2022",15.6 Inches,,1920 x 1080 Pixels,4.2 GHz core_i5,16 GB DDR4,,1 TB SSD,Intel UHD Graphics,Intel,Integrated,2.4 GHz Radio Frequency,,,Dell,,Dell Inspiron Laptop,PC,Windows 11 S,3.74 pounds,14.11 x 9.27 x 0.74 inches,,Black,Intel,4,DDR4 SDRAM,256 GB,PCIE x 8,,,1 Lithium Ion batteries required. (included)
200,B013WM9QMA,"HP OMEN 15-5220nr 15.6-Inch Laptop (Intel Core i7, 16 GB RAM, 512 GB SSD, NVIDIA GTX 960M GPU)",,"August 30, 2015",15.6 Inches,1920 x 1080 pixels,1920x1080 pixels,2.6 GHz core_i7,16 GB DDR3L SDRAM,,512 GB SSD,NVIDIA GeForce GTX 960M,NVIDIA,Dedicated,802.11ac,4,,HP,HP OMEN,15-5220nr,,Windows 10,4.68 pounds,9.67 x 15.07 x 0.61 inches,,Black,Intel,4,GDDR5,512,,,,1 Lithium Ion batteries required. (included)
200,B0BJBG5VHF,"HP 2022 15.6"" HD Touchscreen Laptop PC Intel 11th Gen 4-Core i5-1135G7 64GB DDR4 RAM 2TB NVMe SSD Intel Iris Xe Graphics Webcam HDMI Fingerprint USB C Windows 10 Pro Silver w/RE 32GB USB 3.0 Drive",,"October 16, 2022",15.6 Inches,1366x768,1366 x 768 Pixels,2.4 GHz core_i5_family,64 GB DDR4,3200 MHz,2 TB SSD,Intel Iris Xe Graphics,Intel,Integrated,801.11ac,3,6 Hours,HP,HP-15-DY200,HP-15-DY200,PC,Windows 10 Pro,7 pounds,14.11 x 8.9 x 0.71 inches,,Silver,Intel,4,DDR4 SDRAM,,Solid State,,AC & Battery,
200,B09Z1WHJFD,"2022 HP Flagship Chromebook, 14"" IPS Full HD(1920x1080) Screen with Anti-Glare, AMD Dual-Core Processor Up to 3.5 GHz, 4GB DDR4 Ram, 128GB SSD, Webcam, Chrome OS, Ash Gray (Renewed)",$162.99,"April 27, 2022",14,,1920 x 1080 Pixels,3.5 GHz,4 GB DDR4,3.5 GHz,SSD,AMD Radeon Vega 8,Intel,,Bluetooth,,,HP,,"HP 14"" Chromebook",,Chrome OS,4.73 pounds,13 x 9 x 1 inches,,,AMD,2,,,USB,,,1 Lithium Ion batteries required. (included)
200,B098NR1P95,"Dell Inspiron 15 3000 3510 Laptop, 15.6"" Anti-Glare LED-Backlit Narrow Border Display, Intel Celeron N4020 Processor, 4GB DDR4 RAM, 128GB PCIe SSD, WiFi,Bluetooth, Black, Windows 11",$319.99,"July 5, 2021",15.6 Inches,1366x768,1366x768,2.3 GHz celeron,4 GB DDR4,2.8 GHz,128 GB SSD,Intel UHD Graphics 600,Intel,Integrated,Bluetooth,2,,Dell,Inspiron,15 3510,PC,Windows 11,4.07 pounds,20 x 9.8 x 0.78 inches,,Carbon Black,Intel,2,DDR4 SDRAM,1,PCIE x 4,No Optical Drive,Battery Powered,
200,B09FLBJY21,"Dell 2021 Newest Inspiron 15 3000 Laptop, 15.6 inch HD Display, Intel Pentium Silver N5030 Processor(4-Core,up to 3.1 GHz), 16GB DDR4 RAM, 512GB SSD, Webcam, WiFi, HDMI, Black, Windows 10 S",$459.90,"September 5, 2021",15.6 Inches,1366x768,1366 x 768 Pixels,1.1 GHz pentium_N5000,16 GB DDR4,3.1 GHz,SSD,Intel UHD Graphics 605,Intel,Integrated,802.11ac,,,Dell,Dell Inspiron,Inspiron 15,PC,Windows 10,4.07 pounds,14.11 x 9.27 x 0.74 inches,,Black,Intel,4,DDR4 SDRAM,512 GB,USB 3.2,No Optical Drive,AC & Battery,1 Lithium Ion batteries required. (included)
200,B09KX66P24,"New Dell Inspiron 15 FHD (1920 x 1080) Touchscreen Laptop| Intel Core i7-1165G7 |12GB RAM, 512GB SSD|HDMI, Bluetooth 5.0| Windows 10, Black",$899.00,"November 2, 2021",15.6 Inches,,1920 x 1080 Pixels,2.8 GHz apple_ci7,12 GB DDR4,2666 MHz,512 GB SSD,Intel Iris Xe Graphics,Intel,Integrated,Bluetooth,1,,Dell,Dell Inspiron,i3501-7897BLK-PUS,PC,Windows 10,3.9 pounds,14.33 x 9.27 x 0.74 inches,,,Intel,4,DDR4 SDRAM,512 GB,PCIE x 4,,Battery Powered,
200,B087N1L5ZV,"HP Chromebook 14-inch HD Laptop, Intel Celeron N4000, 4 GB RAM, 32 GB eMMC, Chrome (14a-na0070nr, Forest Teal)",$179.00,"April 26, 2020",14 Inches,,1366 x 768 Pixels,1.1 GHz celeron_n,4 GB 4 GB LPDDR4,2.6 GHz,Embedded MultiMediaCard,,Intel,Integrated,,2,13.5 Hours,HP,Chromebook,14a-na0070nr,PC,Chrome OS,3.24 pounds,8.6 x 12.82 x 0.7 inches,,Forest Teal,Intel,2,DDR4 SDRAM,,USB,No Optical Drive,Battery Powered,1 Lithium Polymer batteries required. (included)
200,B0892FHXGS,"2020 Newest ASUS VivoBook 15.6"" FHD Laptop Computer, AMD Ryzen 7 3700U(Beat i5-8250U) Radeon RX Vega HDMI WiFi Bluetooth USB-C Windows 10 + CUE Accessories (20GB RAM | 1TB SSD)",$819.00,"May 20, 2020",15.6 Inches,1920x1800,1920x1080 Pixels,2.1 GHz ryzen_5_3500,20 GB SDRAM,2.3 GHz,512 GB SSD,AMD Radeon RX Vega 10,Intel,Integrated,802.11ac,,9 Hours,ASUS,ASUS,ASUS VivoBook,PC,Windows 10,4.11 pounds,14.1 x 9.1 x 0.8 inches,,Siliver,AMD,4,DDR4 SDRAM,1 TB,PCIE x 4,,AC & Battery,1 Lithium Ion batteries required. (included)
200,B087N1L5ZV,"HP Chromebook 14-inch HD Laptop, Intel Celeron N4000, 4 GB RAM, 32 GB eMMC, Chrome (14a-na0070nr, Forest Teal)",$179.00,"April 26, 2020",14 Inches,,1366 x 768 Pixels,1.1 GHz celeron_n,4 GB 4 GB LPDDR4,2.6 GHz,Embedded MultiMediaCard,,Intel,Integrated,,2,13.5 Hours,HP,Chromebook,14a-na0070nr,PC,Chrome OS,3.24 pounds,8.6 x 12.82 x 0.7 inches,,Forest Teal,Intel,2,DDR4 SDRAM,,USB,No Optical Drive,Battery Powered,1 Lithium Polymer batteries required. (included)
200,B07TF8LVDC,"HP 2019 Newest 17.3 Inch Flagship Laptop Computer (8th Gen Intel Core I5-8265U 3.9GHz, 8GB RAM, 1TB HDD, Intel HD 620, WiFi, Bluetooth, Windows 10)",,"June 24, 2019",17.3 Inches,1600 x 900,1600 x 900,1.6 GHz core_i5_family,8 GB DDR3,3.9 GHz,1 TB HDD,Intel UHD Graphics 620,Intel,Integrated,Bluetooth,1,,HP,HP,HP,PC,Windows 10,5.4 pounds,10.7 x 16.3 x 1 inches,,,Intel,2,DDR3 SDRAM,1,Serial ATA,No Optical Drive,Battery Powered,1 Lithium Ion batteries required. (included)
200,B09XMWPD22,"HP EliteBook 830 G8 13.3"" Notebook - Full HD - 1920 x 1080 - Intel Core i7 11th Gen i7-1185G7 Quad-core (4 Core) 3 GHz - 16 GB Total RAM - 512 GB SSD","$1,535.89","April 11, 2022",13.3 Inches,1920 x 1080 pixels,1920 x 1080 Pixels,3 GHz core_i7,,,512 GB SSD,Intel Iris Xe Graphics,Intel,Iris Xe Graphics,,,,HP,EliteBook 830 G8,618K4UT#ABA,,Windows 11 Pro,3 pounds,2.7 x 11.8 x 17.7 inches,,Silver,Intel,1,,,,No,,
200,B07NMSTDRC,"HP 17-by1022cl 17.3"" Laptop Computer - Gray Intel Core i5-8265U Processor 1.6GHz; 8GB DDR4-2400 RAM; 16GB Intel Optane Memory; 1TB Hard Drive",$558.90,"July 9, 2020",17.3 Inches,,1600x900 Pixels,4.7 GHz core_i5,8 GB DDR4,2400 MHz,1024 TB HDD,Intel UHD Graphics 620,Intel,Integrated,Bluetooth,,,HP,,HP,PC,Windows 10,5.44 pounds,16.33 x 10.72 x 0.96 inches,,Gray,Intel,8,DDR SDRAM,16 GB,Solid State,,,
200,B0B4KT5G3D,"2022 Newest Lenovo IdeaPad 1 Laptop, 14"" Anti-Glare Display, Intel Quad-Core Processor, Intel UHD Graphics, 4GB RAM, 128GB PCIe SSD, Windows 11 + Office 365 1-Year Subscription & Microfiber Cloth",$268.00,"June 20, 2022",14 Inches,,1366 x 768 Pixels,3.1 GHz pentium,4 GB DDR4,2400 MHz,128 GB SSD,Intel UHD Graphics,Intel,Integrated,"802.11a/b/g/n/ac, Bluetooth",,,Lenovo,IdeaPad,IdeaPad,PC,Windows 11,4.64 pounds,,,,Intel,4,DDR4 SDRAM,128 GB,PCIE x 4,,,
200,B0BNP5RJ4H,"ASUS - 2-in-1 14"" Chromebook - 2 in 1 Laptop - Intel Core M3-8100Y - 8GB Memory - 64GB eMMC - Silver - C433TA-M364 (Renewed)",,"November 30, 2022",14 Inches,,1920x1080 Pixels,3.4 GHz core_m_family,DDR4,,Emmc,Intel UHD Graphics,Intel,Integrated,,,,ASUS,C433,,,Chrome OS,5.24 pounds,12.65 x 0.65 x 8.15 inches,,Silver,Intel,1,DDR4 SDRAM,64 GB,,,,1 AAAA batteries required. (included)
200,B087QFL3YR,"HP Pavilion 15.6"" FHD Touchscreen Laptop Computer, 10th Gen Intel Quard-Core i7-1065G7 up to 3.9GHz, 802.11AC WiFi, Bluetooth, Windows 10 + CUE Accessories (32GB DDR4 RAM, 2TB SSD)","$1,039.99","April 5, 2020",15.6 Inches,1920 x 1080 pixels,1920 x1080 Pixels,1.3 GHz core_i7,32 GB SO-DIMM,3.9 GHz,2 TB HDD,Intel Iris Plus,Intel,Integrated,Bluetooth,,8 Hours,HP,15-CS3065CL-22GB-2TB,15-CS3065CL-22GB-2TB,PC,Windows 10,5.05 pounds,14.24 x 9.67 x 0.7 inches,,Black,Intel,4,DDR4 SDRAM,,eSATA,,Battery Powered,3 Lithium Ion batteries required. (included)
200,B08VN1Y24L,"Lenovo ThinkPad X1 Nano Gen1 20UN000EUS 13"" Ultrabook - Intel Core i7 i7-1160G7 Quad-core (4 Core) 2.10 GHz - 16 GB RAM - 512 GB SSD - Black - Windows 10 Pro - Intel Iris Xe Graphics - in-Plane S","$1,145.94","February 2, 2021",13 Inches,,,2.1 GHz core_i7,16 GB SDRAM,2400 MHz,512 GB SSD,,Intel,Integrated,Bluetooth,2,,Lenovo,Lenovo Thinkpad,20UN000EUS,,Windows 10 Pro,3.6 pounds,17 x 3 x 21 inches,,Black,Intel,4,SDRAM,512,Solid State,BD-R,Battery Powered,1 Lithium Ion batteries required.
200,B09X6BQYC9,"HP ELITEBOOK X360 1030 G2 13.3 Inch FHD Business Laptop, Intel Core i5-7300U up to 3.5GHz, 16G DDR4, 512G SSD, Webcam, Type-C, USB 3.0, HDMI,Windows 10 Pro 64 Support English/French/Spanish(Renewed)",,"April 4, 2022",13.3 Inches,,1920 x 1080 Pixels,2.6 GHz intel_core_i5_6600,16 GB DDR4,3.5 GHz,512 GB SSD,Intel,Intel,Integrated,,,,HP,HP EliteBook,ELITEBOOK X360 1030 G2,PC,Windows 10 Pro,4.24 pounds,12.48 x 8.6 x 0.59 inches,,,Intel,1,DDR4 SDRAM,,Solid State,,,
200,B09CQ8GN9L,"Lenovo V14 G2 ALC 82KC009VUS 14"" Notebook - HD - 1366 x 768 - AMD Ryzen 5 5500U Hexa-core (6 Core) 2.10 GHz - 8 GB RAM - 256 GB SSD - Black",$643.88,"August 16, 2021",14 Inches,1366 x 768 pixels,1366 x 768 Pixels,2.1 GHz,8 GB DDR4,2666 MHz,256 GB SSD,AMD Radeon Graphics,AMD,Radeon Graphics,"Bluetooth, 802.11ac",,,Lenovo,V14 G2 ALC,82KC009VUS,PC,Windows 10 Pro,3.53 pounds,10.47 x 14.76 x 2.78 inches,,Black,AMD,1,DDR4 SDRAM,256,,No,Battery Powered,
200,B0B78CVJC5,"2022 Lenovo IdeaPad 3i Thin 15.6"" 120Hz FHD IPS Gaming Laptop, Intel Core i5-11300H 2.5GHz, 32GB RAM, 512GB SSD + 1TB SSD, NVIDIA GeForce GTX 1650 4GB GDDR6, Windows 11 Pro Backlit KB w/ 32GB USB",,"July 21, 2022",15.6 Inches,1920 x 1080 pixels,1920x1080 Pixels,2.65 GHz core_i5_family,32 GB DDR4,3200 MHz,1.5 TB SSD,Nvidia GTX 1650 4GB,NVIDIA,Dedicated,802.11ax,3,6 Hours,Lenovo,IdeaPad 3i,82K1,PC,Windows 11 Pro,10 pounds,14.13 x 9.92 x 0.92 inches,,Shadow,Intel,4,DDR4 SDRAM,,PCIE x 4,No Optical Drive,AC & Battery,1 Lithium Ion batteries required. (included)
200,B0B72PKTJ9,"2022 HP Victus 15.6"" FHD IPS 144 Hz Gaming Laptop - 12th Intel i5-12450H 8 Cores - Nvidia GTX 1650 4GB - 32GB DDR4 - 1TB M.2 SSD - WiFi 6 - RJ-45 - Windows 10 Pro w/ RATZK 32GB USB Drive",,"July 20, 2022",15.6 Inches,1920 x 1080 pixels,1920 x 1080 Pixels,2.7 GHz core_i5_family,32 GB DDR4,,1 TB SSD,Nvidia GTX 1650 4GB,NVIDIA,Dedicated,802.11ax,3,,HP,VICTUS,15-FA00XX,PC,Windows 10 Pro,8 pounds,14.57 x 10.24 x 0.93 inches,,Mica Silver,Intel,8,DDR4 SDRAM,,PCIE x 4,No Optical Drive,AC & Battery,
200,B06XX3LYFG,"Apple MacBook Air MD760LL/A Intel Core i5-4250U X2 1.3GHz 4GB 256GB SSD 13.3in, Silver (Renewed)",$257.00,"March 28, 2017",13.3 Inches,1280 x 800 pixels,1440x900 Pixels,1.3 GHz Core_i5_4250U,4 GB LPDDR4,1.3 GHz,256 GB SSD,Intel,Intel,Integrated,"Bluetooth, 802.11abg",,,Apple,MacBook Air,A1466,Mac,OS X 10.8 Mountain Lion,2.96 pounds,12.8 x 8.94 x 0.68 inches,,Silver,Intel,2,DDR3 SDRAM,256,ATA,,Battery Powered,1 Lithium Polymer batteries required.
200,B01N155FW2,"Dell 8H9GC Latitude 5580 Laptop, 15.6"" FHD, Intel Core i5-7440HQ, 8GB DDR4, 500GB Hard Drive, Windows 10 Pro",$320.00,"January 26, 2017",15.6 Inches,,1920X1080 Pixels,2.8 GHz,8 GB DDR4,3.8 GHz,500 GB HDD,,Intel,Integrated,802.11g,3,,Dell,Latitude 5580,8H9GC,PC,Windows 10 Pro,7.15 pounds,19.3 x 13.7 x 3.2 inches,,Black,Intel,4,Unknown,,Serial ATA,,Battery Powered,1 Lithium Ion batteries required. (included)
200,B08M8YF8TZ,"ASUS Latest VivoBook 15.6"" FHD (1920 x 1080) Premium Laptop (AMD Quad-Core Ryzen 5-3500U(Beat i7-7500U), 8GB RAM, 512GB SSD) AMD Radeon Vega 8, HDMI, Type-C, Windows 10 / 11 Home + IST HDMI Cable",$649.99,"October 30, 2020",15.6 Inches,1920 x 1080 pixels,1920 x 1080 Pixels,2.1 GHz amd_r_series,8 GB DDR4,,512 GB SSD,AMD Radeon Vega 8,AMD,Integrated,802.11ac,,9 Hours,ASUS,vivobook,VivoBook,PC,Windows 10,3.75 pounds,14.06 x 9.07 x 0.78 inches,,Silver,AMD,4,DDR4 SDRAM,512 GB,Solid State,,Battery Powered,1 Lithium Ion batteries required. (included)
200,B09YHCRYM5,"HP New OMEN - 16.1"" Micro-Edge QHD 2K 165Hz Gaming Laptop - Intel Core i7 11800H - B&O - NVIDIA GeForce RTX 3070 - 32GB Memory 2TB SSD - Ceramic White HDMI2.1 Thunderbolt 4","$2,499.00","April 21, 2022",16 Inches,,2560x1440 Pixels,4.6 GHz core_i7,DDR4,4.6 GHz,SSD,NVIDIA GeForce RTX 3070,NVIDIA,Dedicated,802.11ax,3,,HP,HP OMEN,,,Windows 11 Home,5.11 pounds,14.54 x 9.76 x 0.91 inches,,White,Intel,8,DDR4 SDRAM,2 TB,Solid State,,Battery Powered,1 Lithium Ion batteries required.
200,B0BL3WXD5M,"Latest HP Envy X360 2-in-1 Laptop | 15.6"" FHD Touchscreen | Intel 4-Core i5-1135G7 | Iris Xe Graphics | 64GB RAM DDR4 2TB M.2 SSD | WiFi 6 | Type-C | Backlit KB | Fingerprint | Windows 10 Home",,"November 1, 2022",15.6 Inches,1920 x 1080 pixels,1920 x 1080 Pixels,2.4 GHz core_i5_family,64 GB DDR4,3200 MHz,2 TB SSD,Intel Iris Xe Graphics,Intel,Integrated,802.11ax,3,8 Hours,HP,15-ED1055,ED100,PC,Windows 10 Home,8 pounds,14.09 x 9.06 x 0.75 inches,,Silver,Intel,4,DDR4 SDRAM,,Solid State,No Optical Drive,AC & Battery,
200,B09ZXD1DJ7,"HP Envy -Laptop PC, Intel Arc A370M Graphics, 12th Gen Intel Core i7-12700H, 16 GB -RAM, 512 GB SSD, 16” WQXGA Touchscreen, 100% sRGB, Windows 11 Home, HP Fast Charge, Camera -Cover (16-h0010nr, 2022)",,"May 19, 2022",16 Inches,2560 x 1600 pixels,2560 x 1600 Pixels,4.7 GHz core_i7,16 GB 16 GB DDR4,,512 GB SSD,Intel Arc Graphics A370M,Intel,Integrated,"Bluetooth, 802.11ax",2,10 Hours,HP,HP ENVY 16 inch Laptop PC,67W12UA#ABA,PC,Windows 11 Home,8.5 pounds,14.07 x 9.94 x 0.75 inches,,Silver,Intel,14,DDR5 RAM,,Solid State,No optical storage device,,1 Lithium Ion batteries required. (included)
200,B07S9HJNMM,"Dell Inspiron 15 5570 Touchscreen Laptop (i5570-5906SLV-PUS) Intel i5-8250U, 12GB RAM, 1TB HDD, 15.6-in FHD Touch (1920x1080), Win 10 (Renewed)",,"May 24, 2019",15.6 Inches,1920 x 1080 pixels,1920 x 1080,1.6 GHz core_i5_8250u,12 GB DDR4,1.6 GHz,1 TB HDD,Intel UHD Graphics,Intel,Integrated,,,,Dell,Inspiron 15 5570,,PC,Windows 10,4.63 pounds,14.96 x 10.15 x 0.89 inches,,Silver,Intel,4,DDR4 SDRAM,,Serial ATA,,AC & Battery,
200,B0B9SD5LGB,"2022 Newest HP Envy X360 2-in-1 15.6 inch FHD Touchscreen Laptop, AMD 6-Core Ryzen 5 5625U (Beat i7-7500U), 16GB RAM, 1TB SSD, Backlit Keyboard, HDMI, Windows 11, w/ Mouse Pad",$779.99,"August 16, 2022",15.6 Inches,,1920 x 1080 Pixels,2.3 GHz ryzen_5,16 GB DDR4,,1000 GB SSD,AMD,AMD,Integrated,Bluetooth,,,HP,,15-ey0013dx,PC,Windows 11 Home,6.78 pounds,14.13 x 9.02 x 0.73 inches,,,AMD,6,DDR4 SDRAM,,Solid State,,,1 Lithium Ion batteries required.
200,B08ZGNQ9KP,"Lenovo Ideapad 3 17 17.3"" HD+ (1600 x 900) Laptop, Intel 10th Gen Core i5-1035G1, 1.0 GHz, 8GB RAM, 1TB HDD, Windows 10 Home, Abyss Blue",,"March 18, 2021",17.3 Inches,,1920 x 1080 Pixels,1 GHz core_i5_1035g7,8 GB DDR4,3.6 GHz,1000 GB HDD,Intel,Intel,Integrated,"Bluetooth, 802.11a",,,Lenovo,Ideapad,Ideapad 3,PC,Windows 10,4.6 pounds,15.83 x 11.07 x 0.78 inches,,Abyss Blue,Intel,5,DDR4 SDRAM,,ATA,No Optical Drive,Battery Powered,1 Lithium Ion batteries required.
200,B00K4PALMI,"Dell Inspiron i5547-7500sLV Touchscreen Laptop (Windows 8, Intel Core i7-4510U, 15.6"" LED-lit Screen, Storage: 1 TB, RAM: 8 GB) Black/Silver",,"May 15, 2014",15.6 Inches,1366 x 768,1366x768,2 GHz core_i7,8 GB DDR3L SDRAM,1600 MHz,1 TB HDD,Integrated Graphics,Intel,Integrated,802.11ac,2,7.25 Hours,Dell,Inspiron,i5547-7500sLV,,Windows 8,6 pounds,19.29 x 13.15 x 3.31 inches,,"Black, Silver",Intel,2,DDR3 SDRAM,1 TB,,,,1 Lithium Ion batteries required. (included)
200,B0BKZJLRTD,"Lenovo Ideapad 1i Thin Light Laptop, 14.0"" HD Display, Intel Celeron N4020(up to 2.80 GHz), 4GB RAM 64GB eMMC, WiFi 6, Webcam, 10Hr Battery, Windows 11 S, Cloud Grey",$150.00,"October 31, 2022",14,,1366 x 768 Pixels,2.8 GHz celeron_n4020,4 GB DDR4,1.1 GHz,,Intel UHD Graphics,Intel,,"Bluetooth, 802.11ax",2,10 Hours,Lenovo,Lenovo Ideapad 1i,Lenovo Ideapad 1i,,Windows 11 S,3.08 pounds,12.81 x 0.7 x 8.52 inches,,Silver,Intel,2,,64 GB,,No Optical Device,,1 Lithium Ion batteries required. (included)
200,B08KKZ82RM,"HP EliteBook x360 1040 G7 14"" Touchscreen 2 in 1 Notebook - Intel Core i5 (10th Gen) i5-10310U Quad-core (4 Core) 1.70 GHz - 8 GB RAM - 256 GB SSD - Intel UHD Graphics Premium - in-Plane Switchin","$1,449.39","October 2, 2020",14 Inches,,,1.7 GHz core_i5,8 GB LPDDR4,,256 GB SSD,Intel UHD Graphics Premium,Intel,Integrated,,,,HP,HP EliteBook,1P6S8UT#ABA,,Windows 10 Pro,4.5 pounds,8 x 12.6 x 0.65 inches,,,Intel,4,,256 GB,USB-C,No Optical Drive,,
200,B014LQS88O,"Lenovo ThinkPad 11E 11.6"" Ultraportable Business Notebook, Intel N2940 Quad-Core, 128GB Solid State Drive, 4GB DDR3, 802.11ac, Bluetooth, Win10Pro",$81.02,"August 28, 2015",11.6 Inches,,1366 x 768 Pixels,1.83 GHz celeron,4 GB DIMM,1.83 GHz,128 GB SSD,Intel Integrated Graphics,Intel,Integrated,Bluetooth,,,Lenovo,FBA_ThinkPad 11e,ThinkPad 11e,,Windows 10,4.55 pounds,13 x 10.4 x 4.7 inches,,Black,Intel,1,SODIMM,128 GB,,,,1 Lithium Ion batteries required.
200,B07TMRZVDD,"2021 Newest Dell Inspiron 15 3000 Series Laptop, 15.6"" HD Non-Touch, 10th Gen Intel Core i5-1035G1 Quad-Core Processor, 16GB RAM, 1TB PCIe NVMe SSD, Wi-Fi, Webcam, HDMI, Windows 10 Home, Black",,"June 27, 2019",15.6 Inches,,1366 x 768 Pixels,1 GHz core_i3,16 GB DDR4,3.6 GHz,128 GB SSD,Intel UHD Graphics,Intel,Integrated,Bluetooth,,,Dell,,Inspiron,PC,Windows 10,4.45 pounds,14.35 x 9.79 x 0.88 inches,,Black,Intel,2,DDR4 SDRAM,256 GB,PCIE x 4,,Battery Powered,
200,B09C9Q5887,"ASUS VivoBook S15 S533 Thin and Light Laptop, 15.6â€  FHD Display, Intel Core i5-10210U CPU, 8GB DDR4 RAM, 512GB PCIe SSD, Windows 10 Home, Dreamy White, S533FA-DS51-WH (Renewed)",$699.66,"August 10, 2021",15.6 Inches,1920 x 1080 pixels,1920 x 1080 Pixels,4.2 GHz core_i5_10210u,8 GB DDR4,2666 MHz,SSD,Intel UHD Graphics,Intel,Integrated,"Bluetooth, 802.11ax",,,ASUS,VivoBook S15,,PC,Windows 10 Home,3.97 pounds,14.1 x 9.2 x 0.6 inches,,Dreamy White,Intel,4,DDR4 SDRAM,512,USB 3.2,,,
200,B08PC72314,"HP Pavilion 15 Laptop: AMD Ryzen 7 4700U, 512GB SSD, 16GB DDR4 RAM, 15.6"" Full HD IPS Display, Windows 10",$739.99,"November 1, 2020",15.6 Inches,,,2 GHz,16 GB DDR4,4.1 GHz,,,AMD,Integrated,"802.11a/b/g/n/ac, Bluetooth",,,HP,Pavilion,15-eh0097nr,PC,Windows 10 Home,4 pounds,19 x 13 x 2.5 inches,,Natural Silver,,8,DDR4 SDRAM,512 GB,,,Battery Powered,1 Lithium Ion batteries required.
200,B0BM57M3NL,"HP Laptop 17-cn0053ds 17.3"" FHD(1920 x 1080) IPS, Intel Celeron N4120, Intel UHD Graphics 600, 4GB DDR4 RAM, 128GB SSD Storage, Windows 11 Home, Pale Rose (Renewed)",$394.99,"November 11, 2022",17.3 Inches,,1920x1080,1.1 celeron_n,DDR4,,128 GB SSD,Intel UHD Graphics 600,Intel,Integrated,,,,HP,17-cn0053ds,700J3UA#ABA,,Windows 11 Home,6.24 pounds,15.78 x 10.15 x 0.81 inches,,Pale Rose,Intel,4,,,Solid State,,,
200,B07S1V3PRC,"Lenovo IdeaPad 15.6-inch Touchscreen HD Premium Laptop PC, 12GB DDR4 Memory, 1TB Hard Drive, DVD, Bluetooth, USB Type-C, Windows 10, Grey (Intel Core i5-8250U)",$569.99,"May 21, 2019",15.6 Inches,,1920 x 1080 Pixels,2.4 GHz core_i5,12 GB DDR4,2133 MHz,1 TB HDD,Intel,Intel,Integrated,802.11ac,,10 Hours,Lenovo,Lenovo Ideapad,330,PC,Windows 10,4.41 pounds,14.88 x 10.24 x 0.91 inches,,Grey,Intel,4,DDR4 SDRAM,,Serial ATA,,Battery Powered,1 Lithium Metal batteries required. (included)
200,B09NS9HFQK,"ASUS TUF Gaming F15 Gaming Laptop, 15.6"" 144Hz FHD Display, Intel Core i7-11800H, GeForce RTX 3050, 16GB DDR4, 512GB PCIe SSD, RGB Keyboard, Windows 10","$1,126.00","May 21, 2020",15.6 Inches,1920 x 1080 pixels,1920 x 1080 Pixels,2.3 GHz core_i7,16 GB DDR4,3200 MHz,512 GB SSD,NVIDIA GeForce RTX 3050,AMD,Dedicated,802.11ax,,,ASUS,TUF,F15,PC,Windows 10,5 pounds,13.9 x 9.8 x 0.8 inches,,Eclipse Gray | i7-11800H,Intel,8,DDR4 SDRAM,512 GB,Solid State,,AC & Battery,
200,B08RXSG6VF,"HP OMEN 17-cb1080nr Gaming and Entertainment Laptop (Intel i7-10750H 6-Core, 16GB RAM, 512GB SSD, RTX 2070 Super, 17.3"" Full HD (1920x1080), WiFi, Win 10 Home) with MS 365 Personal , Hub","$2,499.00","January 2, 2021",17.3 Inches,1920 x 1080 pixels,1920 x 1080 Pixels,2.6 GHz core_i7,16 GB SO-DIMM,2.6 GHz,512 GB SSD,NVIDIA RTX 2070 Super,NVIDIA,Dedicated,Bluetooth,3,,HP,OMEN 17-cb1080nr,OMEN 17-cb1080nr,PC,Windows 10 Home,7.07 pounds,11.22 x 15.95 x 1.18 inches,,,Intel,6,DDR4 SDRAM,512 GB,USB 3.1,No Optical Drive,Battery Powered,
200,B09GRNN4DF,"Dell XPS 17 9710 Laptop (2021) | 17"" FHD+ | Core i9 - 1TB SSD - 16GB RAM - RTX 3060 | 8 Cores @ 4.9 GHz - 11th Gen CPU - 12GB GDDR6",,"September 21, 2021",17 Inches,,1920x1200 MP,2.5 GHz core_i9,16 GB DDR4,2.5 GHz,1000 GB SSD,NVIDIA GeForce RTX 3060,NVIDIA,Integrated,Bluetooth,,,Dell,XPS 9710 Laptop,XPS 9710 Laptop,PC,Windows 10 Home,4.87 pounds,9.76 x 14.74 x 0.75 inches,,Platinum Silver,Intel,8,DDR4 SDRAM,,Solid State,,Battery Powered,
200,B09N37PFHD,"HP Pavilion 15-eg1053cl 15.6"" Full HD Touchscreen Notebook Computer, Intel Core i5-1155G7 2.5GHz, 12GB RAM, 512GB SSD, Windows 11 Home - Refurbished",$480.00,"December 6, 2021",,,,,,,,,,,,,,,,Pavilion 15-eg1053cl,,,5 pounds,21 x 12 x 3 inches,,,,,,,,,,1 Lithium Ion batteries required. (included)
200,B08BJ9DPYD,"HP Chromebook 14"" Intel Celeron N3350 4GB RAM 32GB eMMC Chalkboard Gray - Intel Celeron N3350 Dual-core - Intel HD Graphics 500 - USB 3.1 Connector - Audio by B&O - 11 hr 30 min Battery Life",$149.00,"June 20, 2020",14 Inches,1366 x 768,1366 x 768,1.1 GHz celeron,4 GB LPDDR4,2400 MHz,Emmc,Intel HD Graphics 500,Intel,Integrated,2.4 GHz Radio Frequency,,11 Hours,HP,HP14CA000NR,14-ca000nr,Chrome,Chrome OS,3.57 pounds,13.27 x 8.9 x 0.7 inches,,,Intel,1,DDR4 SDRAM,32 GB,Solid State,,AC & Battery,1 Lithium Polymer batteries required.
200,B08BHLVZR8,"Lenovo IdeaPad 3 15.6"" FHD Anti-Glare LED Backlit Laptop, AMD 6-Core Ryzen 5 4500U up to 4.0GHz, 8GB DDR4, 1TB HDD, Webcam, 802.11ac, Bluetooth, HDMI, USB Type-C, Dolby Audio, Windows 10, Abyss Blue",$399.00,"February 26, 2020",15.6 Inches,1920 x 1080 pixels,1920 x 1080 Pixels,2.3 GHz amd_r_series,8 GB DDR3,3.9 GHz,1 TB HDD,AMD Radeon Graphics,AMD,Integrated,802.11ac,,,Lenovo,Ideapad,3,PC,Windows 10,3 pounds,14.8 x 9.6 x 0.9 inches,,Abyss Blue,AMD,6,DDR4 SDRAM,1 TB,Serial ATA,,AC & Battery,1 Lithium Ion batteries required.
200,B07W68XYYY,"HP Probook 640 G5 14"" Notebook - 1920 X 1080 - Core i5 i5-8365U - 8 GB RAM - 16 GB Optane Memory - 256 GB SSD - Windows 10 Pro 64-bit - Intel UHD Graphics 620 - in-Plane Switching (IPS) Technolog","$1,099.00","June 26, 2019",14 Inches,,1920 x 1080,8032,,1.6 GHz,SSD,Intel UHD Graphics 620,Intel,Integrated,,2,,HP,HP ProBook,7HV85UT#ABA,,Windows 10 Pro 64,5.22 pounds,,,,Intel,1,Unknown,,Solid State,,Battery Powered,1 Lithium Ion batteries required. (included)
200,B09G9CG82L,"ASUS ROG Strix G15 Advantage Edition Gaming Laptop, 15.6"" 300Hz FHD Display, AMD Ryzen 9 5900HX 8 Cores,AMD Radeon RX 6800M 12G，RGB Keyboard, Windows 10, Accessories (32GB RAM | 1TB PCIe SSD)","$1,499.90","August 25, 2021",15.6 Inches,,1920 x 1080 Pixels,4.6 GHz ryzen_9,32 GB DDR4,4.6 GHz,1 TB SSD,AMD Radeon RX 6800M,AMD,Dedicated,Infrared,,,ASUS,ASUS Rog Strix,ROG Strix G15,PC,Windows 10,10.48 pounds,13.94 x 10.2 x 1.07 inches,,,AMD,8,DDR4 SDRAM,32 GB,Solid State,,,1 Lithium Polymer batteries required.
200,B09KZGS7K8,"HP Pavilion Laptop (Latest Model), 15.6"" HD Display, 10th Gen Intel Core i3-10110U Processor (Up to 4.1 GHz), 16GB DDR4 RAM, 256GB SSD, Online Meeting, HD Webcam, USB Type-C, HDMI, Wi-Fi, Windows 10",$499.00,"November 3, 2021",15.6 Inches,1366 x 768,1366 x 768 Pixels,4.1 GHz core_i3,16 GB DDR4,4.1 GHz,256 GB SSD,Intel UHD Graphics,Intel,Integrated,"Bluetooth, 802.11a",,,HP,Pavilion,Pavilion,PC,Windows 10,3.9 pounds,14.1 x 9.5 x 0.8 inches,,Natural Silver,Intel,2,DDR4 SDRAM,256 GB,Serial ATA,,"Corded Electric, Battery Powered",
200,B08PNW6WGX,"HP Laptop 15-dy1079ms (Core i7-1065G7) 15.6 Full HD 1920x1080 IPS touchscreen 12GB DDR4 Ram, 256GB SSD, Webcam, HDMI, Silver, Windows 10 Home",$573.00,"December 4, 2020",15.6 Inches,1920 x 1080 pixels,1920 x 1080 Pixels,1.3 GHz core_i7_1065g7,12 GB DDR4,3.9 GHz,256 GB SSD,Intel Iris Plus Graphics,Intel,Integrated,"802.11a/b/g/n/ac, Bluetooth",,6 Hours,HP,15-dy1079ms,HP-15-DY1079MS,PC,Windows 10 Home,3.74 pounds,14.11 x 9.53 x 0.7 inches,,Silver,Intel,4,DDR4 SDRAM,256 GB,ATA133,No Optical Drive,AC & Battery,1 Lithium Polymer batteries required.
200,B09KR2VWTJ,"HP 11.6inch Stream Laptop, Intel Celeron Processor Up to 2.60GHz, 4GB DDR4 RAM, 32GB SSD, Intel UHD Graphics, Win10 (Renewed), White, 11-11.99 inches, (HP 11.6inch Laptop)",,"October 31, 2021",11.6 Inches,,,,4 GB DDR4,2.6 GHz,,,Intel,,"Bluetooth, 802.11a",,,HP,,HP 11.6inch Laptop,,Windows 10,3.65 pounds,11.08 x 7.59 x 0.66 inches,,,Intel,,DDR4 SDRAM,,,,,
200,B09HNPKMST,"HP 15.6"" HD Touchscreen LED Laptop PC, Intel Core i3-1005G1 Processor, 8GB RAM, 128GB SSD, Wi-Fi 5, HDMI, Webcam, Bluetooth, Windows 10 S, Natural Silver, W/Silmarils Travel Accessories",$459.00,"October 2, 2021",15.6 Inches,1366x768,1366 x 768 Pixels,1.2 GHz core_i3_1005g1,8 GB DDR4,3.4 GHz,128 GB SSD,Intel UHD Graphics,Intel,Integrated,802.11a/b/g/n/ac,3,,HP,Dell Precision,HP 15i3,PC,Windows 10 Home,3.74 pounds,14.1 x 9.5 x 0.7 inches,,,Intel,2,DDR4 SDRAM,128 GB,Solid State,,AC & Battery,
200,B0BRNTXW34,"HP Pavilion Laptop, 15.6"" IPS FHD Display, AMD Ryzen 7 5700U (Beats i7-11370H), Wi-Fi 6, USB-C, Long Battery Life, Windows 11, Natural Silver (32GB RAM | 1TB PCIe SSD)",$769.00,"January 4, 2023",15.6 Inches,,1920 x 1080 Pixels,4.3 GHz ryzen_7,32 GB DDR4,2666 MHz,1 TB SSD,AMD Radeon,Intel,Integrated,Bluetooth,,,HP,,Pavilion,PC,Windows 11,3.74 pounds,14.11 x 9.53 x 0.78 inches,,,AMD,8,DDR4 SDRAM,,Solid State,,,
200,B09B8TJZ3Y,"Newest Dell XPS 15 9500 Elite Laptop, 15.6"" FHD+ 500 Nits Display, Intel Core i7-10750H, GTX 1650Ti, 32GB RAM, 1TB SSD, Webcam, Backlit Keyboard, Fingerprint Reader, WiFi 6, Thunderbolt, Win 10 Home","$1,459.00","July 26, 2021",15.6 Inches,1920 x 1200 pixels,1920 x 1200 Pixels,2.6 GHz core_i7_family,32 GB SDRAM,2.6 GHz,1 TB SSD,NVIDIA GeForce GTX 1650 Ti,NVIDIA,Dedicated,802.11ax,3,,Dell,XPS,9500,PC,Windows 10 Home,4 pounds,13.99 x 9.74 x 0.75 inches,,Platinum Silver,Intel,6,DDR4 SDRAM,,PCIE x 4,,AC & Battery,
200,B09V8H5R9T,"Lenovo Latest Yoga 9i 2-in-1 Laptop, 11th Gen Intel i7-1195G7 (Beat 1185G7 and 1165G7), 14” FHD IPS Touchscreen, 16GB DDR4, 1 TB SSD, Active Stylus Pen, Thunderblot 4, Win 11 - Mica",,"March 10, 2022",14 Inches,,1920 x 1080 Pixels,5 GHz core_i7_family,16 GB LPDDR4,4267 MHz,1 TB SSD,Intel Iris Xe Graphics,Intel,Integrated,Bluetooth,,,Lenovo,82BG,82BG,PC,Windows 11 Home,3 pounds,,,,Intel,4,DDR4 SDRAM,1 TB,Solid State,,Battery Powered,
200,B091Y3YBPN,"Lenovo Chromebook Flex 3 11"" Laptop, 11.6-Inch HD (1366 x 768) IPS Display, MediaTek MT8173C Processor, 4GB LPDDR3, 64 GB eMMC, Chrome OS, 82HG0006US, Blizzard White (Renewed)",$157.88,"April 7, 2021",11.6,,1366 x 768 Pixels,2.1 GHz mediatek_mt8183,4 GB LPDDR3,,Emmc,PowerVR GX6250,PowerVR,Integrated,801.11ac,,10 Hours,Lenovo,Ideapad Flex 3 Chromebook,,PC,Chrome OS,2.64 pounds,8.48 x 11.5 x 0.77 inches,,Blizzard White,MediaTek,1,,,USB,,Battery Powered,
200,B0B7CBP5R4,"HP Notebook 14-dk0072nr 14"" HD AMD Ryzen 5 3500U, AMD Radeon Vega 8 Graphics, 8GB DDR4 RAM, 256GB SSD Storage, Windows 10 Home, Natural Silver (Renewed)",$419.99,"July 22, 2022",14 Inches,,1366x768 Pixels,2.1 GHz ryzen_5_3500u,8 GB DDR4,,256 GB SSD,AMD Radeon Vega 8,AMD,Integrated,"802.11a/b/g/n/ac, Bluetooth",,,HP,HP Notebook,14-dk0072nr,,Windows 10 Home,3.2 pounds,12.75 x 8.89 x 0.78 inches,,Natural Silver,AMD,4,,,,No Optical Drive,,1 Lithium Polymer batteries required. (included)
200,B073WQLZ7M,"Lenovo 320-15 - 15.6"" HD - AMD A12-9720P - 8GB Memory - 1TB Hard Drive - Gray",,"July 13, 2017",15.6 Inches,,1366x768 Pixels,2.7 GHz celeron,8 GB DDR3,2.7 GHz,1000 GB Hybrid Drive,,AMD,Integrated,Bluetooth,2,5 Hours,Lenovo,Lenovo Ideapad,80XS00DJUS,PC; Mac,Windows 10 Home,5.51 pounds,14.9 x 10.2 x 0.9 inches,,Grey,AMD,2,DDR3 SDRAM,,Serial ATA,DVD-RW,Battery Powered,1 Lithium Metal batteries required. (included)
200,B0BLK34K1Q,"Dell Latest Inspiron 7000 Series 2-in-1 Laptop | 14"" FHD+ Touchscreen | AMD 6-Core Ryzen 5 5625U | Radeon Graphics | 16GB DDR4 512GB NVMe SSD | WiFi 6 | Backlit KB | Fingerprint | Windows 11 Pro",,"November 5, 2022",14 Inches,1920 x 1200 pixels,1920 x 1200 Pixels,2.3 GHz ryzen_5,16 GB DDR4,3200 MHz,512 GB SSD,AMD Radeon Graphics,AMD,Integrated,802.11ax,3,8 Hours,Dell,Inspiron 7000,i7425,PC,Windows 11 Pro,7 pounds,12.36 x 8.96 x 0.7 inches,,Platinum Silver,AMD,6,DDR4 SDRAM,,PCIE x 4,No Optical Drive,AC & Battery,
200,B07Q6XZY5V,"HP Pavilion X360 2-in-1 2019 Flagship 14"" Full HD IPS Touchscreen Laptop/Tablet, Intel Quad-Core i5-8250U 8GB DDR4 128GB SSD 802.11ac Bluetooth 4.2 Fingerprint Reader Backlit Keyboard Win 10",$597.99,"April 1, 2019",14 Inches,1920 x 1080 pixels,Full HD ( 1920 x 1080 ) IPS Touchscreen,1.6 GHz core_i5,4 GB DDR4,2400 MHz,128 GB SSD,Intel UHD Graphics 620,Intel,Integrated,802.11ac,,9 Hours,HP,HP Pavilion X360,HP,2-in-1 Business and Home Laptop/tablet,Windows 10 Home,3.53 pounds,8.8 x 12.7 x 0.8 inches,,Gold,Intel,4,DDR SDRAM,128 GB,Solid State,,Battery Powered,3 Lithium Ion batteries required. (included)
200,B085G9KPLM,"ASUS ZenBook 14 Ultra Thin and Light Laptop, 4-Way NanoEdge 14” FHD, Intel Core i5-10210U, 8GB RAM, 512GB PCIe NVMe SSD, Wi-Fi 5, Windows 10 Home, Utopia Blue, UX431FA-EH55","$1,099.00","March 4, 2020",14 Inches,1920 x 1080 pixels,1920 x 1080 Pixels,4.2 GHz apple_ci5,8 GB LPDDR3,2133 MHz,SSD,Intel UHD Graphics,Intel,Integrated,"Bluetooth, 802.11ac",2,,ASUS,ZenBook 14,UX431FA-EH55,PC,Windows 10 Home,2.6 pounds,12.6 x 8.2 x 0.5 inches,,,Intel,4,DDR3 SDRAM,512,Gigabit Ethernet,No Optical Drive,,1 Lithium Ion batteries required. (included)
200,B07HMDPGH8,"HP ZBook 15u G6 Workstation Laptop (Intel i7-8565U 4-Core, 32GB RAM, 256GB PCIe SSD, 15.6"" Full HD (1920x1080), AMD Pro WX 3200, Fingerprint, WiFi, Bluetooth, Webcam, 2xUSB 3.1, 1xHDMI, Win 10 Pro)",,"February 15, 2019",15.6 Inches,1920 x 1080 pixels,,1.8 GHz core_i7,32 GB SO-DIMM,4.6 GHz,256 GB SSD,AMD Pro WX 3200,AMD,Dedicated,802.11ac,,10 Hours,HP,ZBook 15u G6,HP ZBook 15u G5,PC,Windows 10 Pro,4 pounds,14 x 10 x 1 inches,,Ash Silver,Intel,4,DDR SDRAM,256 GB,Solid State,,Battery Powered,
200,B09V3GTBS2,"Lenovo 2022 Newest Legion 5 Gaming Laptop, 15.6"" FHD Display, Intel 8-Core i7-11800H(Beat AMD Ryzen 7 5800H), NVIDIA GeForce RTX 3050Ti, Windows 11H, Phantom Blue (32GB RAM | 1TB SSD)","$2,299.00","March 8, 2022",15.6 Inches,,1920 x 1080 Pixels,2.3 GHz core_i7_11800h,32 GB DDR4,,1 TB SSD,NVIDIA GeForce RTX 3050 Ti,NVIDIA,Dedicated,"Bluetooth, 802.11b",,6 Hours,Lenovo,Lenovo Legion,Lenovo Legion 5,PC,Windows,5.3 pounds,,,Phantom Blue,Intel,8,DDR4 SDRAM,1 TB,PCIE x 8,,Battery Powered,1 Lithium Ion batteries required. (included)
200,B09163WGKB,"2021 HP Pavilion 15.6"" FHD Gaming Laptop Quad-Core i5-10300H 12GB RAM DDR4 256GB M.2 SSD NVIDIA GeForce GTX 1650 HDMI USB-C RJ-45 Bluetooth Webcam Card Reader Windows 10 Pro w/ RE 32GB USB 3.0 Drive",,"March 26, 2021",15.6 Inches,1920 x 1080 pixels,1920 x 1080 Pixels,2.5 GHz core_i5_family,12 GB SO-DIMM,2666 MHz,256 GB SSD,NVIDIA GeForce GTX 1650,NVIDIA,Dedicated,802.11ac,,4 Hours,HP,15-DK1056WM,15-DK1056WM,PC,Windows 10 Pro,4.92 pounds,14.17 x 10.08 x 0.92 inches,,Black,Intel,4,DDR4 SDRAM,,Solid State,,AC & Battery,
200,B09PGCSV7P,"Lenovo ThinkPad L15 Gen2 20X300HEUS 15.6"" Touchscreen Notebook - Full HD - 1920 x 1080 - Intel Core i5 11th Gen i5-1135G7 Quad-core (4 Core) 2.40 GHz - 8 GB RAM - 256 GB SSD - Black - Windows 10",$839.53,"December 30, 2021",15.6 Inches,1920 x 1080 pixels,1920 x 1080 Pixels,2.4 GHz core_i5,8 GB DDR4,3200 MHz,256 GB SSD,Intel Iris Xe Graphics,Intel,Integrated,Bluetooth,,,Lenovo,LN20X300HEUS,20X300HEUS,PC,Windows 10 Pro,4.37 pounds,14.4 x 9.8 x 0.85 inches,,,Intel,4,DDR4 SDRAM,256 GB,Solid State,No Optical Drive,AC & Battery,1 Lithium Ion batteries required.
200,B07FYSN1CC,"Dell Inspiron i5759-8835SLV 17.3 Inch FHD Touchscreen Laptop (6th Generation Intel Core i7, 16 GB RAM, 2 TB HDD) AMD Radeon R5 (Renewed)",,"July 27, 2018",17.3 Inches,,1920 x 1080 pixels,2.5 GHz core_i7,16 GB DDR3L SDRAM,2.5 GHz,2 TB HDD,AMD Radeon R5,AMD,Dedicated,802.11ac,,,Dell,Dell Inspiron,,,Windows 10,7.44 pounds,11.15 x 16.41 x 1.15 inches,,Matte Silver,Intel,2,Unknown,2 TB,,,,
200,B08T61J8Y2,"Dell XPS 15 7590 Premium Laptop Computer I 15.6"" 4K UHD Display I Intel 6-Core i7-9750H I 16GB DDR4 512GB SSD I 4GB GTX 1650 Thunderbolt Backlit FP Win 10","$1,124.96","January 15, 2021",15.6 Inches,3840 x 2160 pixels,4K UHD OLED (3840 x 2160),2.6 GHz core_i7,16 GB DDR4,4.5 GHz,512 GB SSD,NVIDIA GeForce GTX 1650,NVIDIA,Dedicated,802.11ac,,,Dell,dell xps laptop,Dell XPS 15 7590,PC,Windows 10,4 pounds,14.06 x 9.27 x 0.66 inches,,Silver,Intel,6,DDR SDRAM,512 GB,Solid State,,AC & Battery,
200,B0B1L638D3,,,,,,,,,,,,,,,,,,,,,,,,,,,,,,,,,
200,B095FRJ5XC,,,,,,,,,,,,,,,,,,,,,,,,,,,,,,,,,
200,B0BDYFLJXV,,,,,,,,,,,,,,,,,,,,,,,,,,,,,,,,,
200,B082HZBDXH,,,,,,,,,,,,,,,,,,,,,,,,,,,,,,,,,
200,B09RJXN6TF,,,,,,,,,,,,,,,,,,,,,,,,,,,,,,,,,
200,B08LBR1DL4,HP 14 E14 G4 Portable Monitor,,,,,,,,,,,,,,,,,,,,,,,,,,,,,,,,
200,B096SP56KS,,,,,,,,,,,,,,,,,,,,,,,,,,,,,,,,,
200,B09B195RP1,,,,,,,,,,,,,,,,,,,,,,,,,,,,,,,,,
